transaction_id,anomaly_type,severity,description,column,posting_date,fiscal_period,amount,vendor
TXN000729,INVALID_DATE,CRITICAL,Invalid date value: 99/99/9999,posting_date_raw,,,,
TXN000730,INVALID_DATE,CRITICAL,Invalid date value: 99/99/9999,posting_date_raw,,,,
TXN000731,INVALID_DATE,CRITICAL,Invalid date value: INVALID,posting_date_raw,,,,
TXN000732,INVALID_DATE,CRITICAL,Invalid date value: INVALID,posting_date_raw,,,,
TXN000733,INVALID_DATE,CRITICAL,Invalid date value: INVALID,posting_date_raw,,,,
TXN000734,INVALID_DATE,CRITICAL,Invalid date value: INVALID,posting_date_raw,,,,
TXN000735,INVALID_DATE,CRITICAL,Invalid date value: 2026-13-45,posting_date_raw,,,,
TXN000736,INVALID_DATE,CRITICAL,Invalid date value: 2026-13-45,posting_date_raw,,,,
TXN000737,INVALID_DATE,CRITICAL,Invalid date value: 2026-13-45,posting_date_raw,,,,
TXN000738,INVALID_DATE,CRITICAL,Invalid date value: INVALID,posting_date_raw,,,,
TXN000739,INVALID_DATE,CRITICAL,Invalid date value: 32/13/2026,posting_date_raw,,,,
TXN000740,INVALID_DATE,CRITICAL,Invalid date value: 2026-13-45,posting_date_raw,,,,
TXN000741,INVALID_DATE,CRITICAL,Invalid date value: INVALID,posting_date_raw,,,,
TXN000742,INVALID_DATE,CRITICAL,Invalid date value: 32/13/2026,posting_date_raw,,,,
TXN000743,INVALID_DATE,CRITICAL,Invalid date value: 2026-13-45,posting_date_raw,,,,
TXN000744,INVALID_DATE,CRITICAL,Invalid date value: 2026-13-45,posting_date_raw,,,,
TXN000745,INVALID_DATE,CRITICAL,Invalid date value: 99/99/9999,posting_date_raw,,,,
TXN000746,INVALID_DATE,CRITICAL,Invalid date value: 2026-13-45,posting_date_raw,,,,
TXN000747,INVALID_DATE,CRITICAL,Invalid date value: INVALID,posting_date_raw,,,,
TXN000748,INVALID_DATE,CRITICAL,Invalid date value: 32/13/2026,posting_date_raw,,,,
TXN000749,INVALID_DATE,CRITICAL,Invalid date value: INVALID,posting_date_raw,,,,
TXN000750,INVALID_DATE,CRITICAL,Invalid date value: 99/99/9999,posting_date_raw,,,,
TXN000751,INVALID_DATE,CRITICAL,Invalid date value: 2026-13-45,posting_date_raw,,,,
TXN000752,INVALID_DATE,CRITICAL,Invalid date value: INVALID,posting_date_raw,,,,
TXN000753,INVALID_DATE,CRITICAL,Invalid date value: 99/99/9999,posting_date_raw,,,,
TXN000754,INVALID_DATE,CRITICAL,Invalid date value: 32/13/2026,posting_date_raw,,,,
TXN000755,INVALID_DATE,CRITICAL,Invalid date value: 32/13/2026,posting_date_raw,,,,
TXN000756,INVALID_DATE,CRITICAL,Invalid date value: 2026-13-45,posting_date_raw,,,,
TXN000757,INVALID_DATE,CRITICAL,Invalid date value: 2026-13-45,posting_date_raw,,,,
TXN000758,INVALID_DATE,CRITICAL,Invalid date value: INVALID,posting_date_raw,,,,
TXN000759,INVALID_DATE,CRITICAL,Invalid date value: 2026-13-45,posting_date_raw,,,,
TXN000760,INVALID_DATE,CRITICAL,Invalid date value: 2026-13-45,posting_date_raw,,,,
TXN000761,INVALID_DATE,CRITICAL,Invalid date value: 32/13/2026,posting_date_raw,,,,
TXN000762,INVALID_DATE,CRITICAL,Invalid date value: 99/99/9999,posting_date_raw,,,,
TXN000763,INVALID_DATE,CRITICAL,Invalid date value: 2026-13-45,posting_date_raw,,,,
TXN000764,INVALID_DATE,CRITICAL,Invalid date value: 99/99/9999,posting_date_raw,,,,
TXN000765,INVALID_DATE,CRITICAL,Invalid date value: 99/99/9999,posting_date_raw,,,,
TXN000766,INVALID_DATE,CRITICAL,Invalid date value: 32/13/2026,posting_date_raw,,,,
TXN000767,INVALID_DATE,CRITICAL,Invalid date value: 32/13/2026,posting_date_raw,,,,
TXN000768,INVALID_DATE,CRITICAL,Invalid date value: 32/13/2026,posting_date_raw,,,,
TXN000769,INVALID_DATE,CRITICAL,Invalid date value: 99/99/9999,posting_date_raw,,,,
TXN000770,INVALID_DATE,CRITICAL,Invalid date value: 2026-13-45,posting_date_raw,,,,
TXN000771,INVALID_DATE,CRITICAL,Invalid date value: 99/99/9999,posting_date_raw,,,,
TXN000772,INVALID_DATE,CRITICAL,Invalid date value: 99/99/9999,posting_date_raw,,,,
TXN000773,INVALID_DATE,CRITICAL,Invalid date value: 99/99/9999,posting_date_raw,,,,
TXN000774,INVALID_DATE,CRITICAL,Invalid date value: 32/13/2026,posting_date_raw,,,,
TXN000775,INVALID_DATE,CRITICAL,Invalid date value: INVALID,posting_date_raw,,,,
TXN000776,INVALID_DATE,CRITICAL,Invalid date value: INVALID,posting_date_raw,,,,
TXN000729,INVALID_DATE,CRITICAL,Invalid date value: 99/99/9999,invoice_date_raw,,,,
TXN000730,INVALID_DATE,CRITICAL,Invalid date value: INVALID,invoice_date_raw,,,,
TXN000731,INVALID_DATE,CRITICAL,Invalid date value: INVALID,invoice_date_raw,,,,
TXN000732,INVALID_DATE,CRITICAL,Invalid date value: 99/99/9999,invoice_date_raw,,,,
TXN000733,INVALID_DATE,CRITICAL,Invalid date value: 2026-13-45,invoice_date_raw,,,,
TXN000734,INVALID_DATE,CRITICAL,Invalid date value: INVALID,invoice_date_raw,,,,
TXN000735,INVALID_DATE,CRITICAL,Invalid date value: 99/99/9999,invoice_date_raw,,,,
TXN000736,INVALID_DATE,CRITICAL,Invalid date value: 99/99/9999,invoice_date_raw,,,,
TXN000737,INVALID_DATE,CRITICAL,Invalid date value: 99/99/9999,invoice_date_raw,,,,
TXN000738,INVALID_DATE,CRITICAL,Invalid date value: 32/13/2026,invoice_date_raw,,,,
TXN000739,INVALID_DATE,CRITICAL,Invalid date value: 32/13/2026,invoice_date_raw,,,,
TXN000740,INVALID_DATE,CRITICAL,Invalid date value: 2026-13-45,invoice_date_raw,,,,
TXN000741,INVALID_DATE,CRITICAL,Invalid date value: 32/13/2026,invoice_date_raw,,,,
TXN000742,INVALID_DATE,CRITICAL,Invalid date value: 99/99/9999,invoice_date_raw,,,,
TXN000743,INVALID_DATE,CRITICAL,Invalid date value: INVALID,invoice_date_raw,,,,
TXN000744,INVALID_DATE,CRITICAL,Invalid date value: 2026-13-45,invoice_date_raw,,,,
TXN000745,INVALID_DATE,CRITICAL,Invalid date value: 99/99/9999,invoice_date_raw,,,,
TXN000746,INVALID_DATE,CRITICAL,Invalid date value: 2026-13-45,invoice_date_raw,,,,
TXN000747,INVALID_DATE,CRITICAL,Invalid date value: 2026-13-45,invoice_date_raw,,,,
TXN000748,INVALID_DATE,CRITICAL,Invalid date value: INVALID,invoice_date_raw,,,,
TXN000749,INVALID_DATE,CRITICAL,Invalid date value: 99/99/9999,invoice_date_raw,,,,
TXN000750,INVALID_DATE,CRITICAL,Invalid date value: 2026-13-45,invoice_date_raw,,,,
TXN000751,INVALID_DATE,CRITICAL,Invalid date value: 32/13/2026,invoice_date_raw,,,,
TXN000752,INVALID_DATE,CRITICAL,Invalid date value: 2026-13-45,invoice_date_raw,,,,
TXN000753,INVALID_DATE,CRITICAL,Invalid date value: 99/99/9999,invoice_date_raw,,,,
TXN000754,INVALID_DATE,CRITICAL,Invalid date value: 2026-13-45,invoice_date_raw,,,,
TXN000755,INVALID_DATE,CRITICAL,Invalid date value: 2026-13-45,invoice_date_raw,,,,
TXN000756,INVALID_DATE,CRITICAL,Invalid date value: 32/13/2026,invoice_date_raw,,,,
TXN000757,INVALID_DATE,CRITICAL,Invalid date value: 2026-13-45,invoice_date_raw,,,,
TXN000758,INVALID_DATE,CRITICAL,Invalid date value: 99/99/9999,invoice_date_raw,,,,
TXN000759,INVALID_DATE,CRITICAL,Invalid date value: 2026-13-45,invoice_date_raw,,,,
TXN000760,INVALID_DATE,CRITICAL,Invalid date value: 99/99/9999,invoice_date_raw,,,,
TXN000761,INVALID_DATE,CRITICAL,Invalid date value: 99/99/9999,invoice_date_raw,,,,
TXN000762,INVALID_DATE,CRITICAL,Invalid date value: 99/99/9999,invoice_date_raw,,,,
TXN000763,INVALID_DATE,CRITICAL,Invalid date value: 32/13/2026,invoice_date_raw,,,,
TXN000764,INVALID_DATE,CRITICAL,Invalid date value: 99/99/9999,invoice_date_raw,,,,
TXN000765,INVALID_DATE,CRITICAL,Invalid date value: 32/13/2026,invoice_date_raw,,,,
TXN000766,INVALID_DATE,CRITICAL,Invalid date value: 2026-13-45,invoice_date_raw,,,,
TXN000767,INVALID_DATE,CRITICAL,Invalid date value: INVALID,invoice_date_raw,,,,
TXN000768,INVALID_DATE,CRITICAL,Invalid date value: INVALID,invoice_date_raw,,,,
TXN000769,INVALID_DATE,CRITICAL,Invalid date value: 2026-13-45,invoice_date_raw,,,,
TXN000770,INVALID_DATE,CRITICAL,Invalid date value: 99/99/9999,invoice_date_raw,,,,
TXN000771,INVALID_DATE,CRITICAL,Invalid date value: INVALID,invoice_date_raw,,,,
TXN000772,INVALID_DATE,CRITICAL,Invalid date value: 99/99/9999,invoice_date_raw,,,,
TXN000773,INVALID_DATE,CRITICAL,Invalid date value: 2026-13-45,invoice_date_raw,,,,
TXN000774,INVALID_DATE,CRITICAL,Invalid date value: 99/99/9999,invoice_date_raw,,,,
TXN000775,INVALID_DATE,CRITICAL,Invalid date value: 2026-13-45,invoice_date_raw,,,,
TXN000776,INVALID_DATE,CRITICAL,Invalid date value: INVALID,invoice_date_raw,,,,
TXN000019,FISCAL_PERIOD_MISMATCH,HIGH,Posting date month (1) != fiscal period month (5),,2025-01-05,2025-05,,
TXN000038,FISCAL_PERIOD_MISMATCH,HIGH,Posting date month (7) != fiscal period month (2),,2026-07-02,2026-02,,
TXN000061,FISCAL_PERIOD_MISMATCH,HIGH,Posting date month (4) != fiscal period month (3),,2025-04-03,2025-03,,
TXN000076,FISCAL_PERIOD_MISMATCH,HIGH,Posting date month (11) != fiscal period month (1),,2026-11-01,2026-01,,
TXN000082,FISCAL_PERIOD_MISMATCH,HIGH,Posting date month (5) != fiscal period month (2),,2026-05-02,2026-02,,
TXN000107,FISCAL_PERIOD_MISMATCH,HIGH,Posting date month (1) != fiscal period month (2),,2026-01-02,2026-02,,
TXN000133,FISCAL_PERIOD_MISMATCH,HIGH,Posting date month (9) != fiscal period month (2),,2026-09-02,2026-02,,
TXN000144,FISCAL_PERIOD_MISMATCH,HIGH,Posting date month (11) != fiscal period month (2),,2026-11-02,2026-02,,
TXN000147,FISCAL_PERIOD_MISMATCH,HIGH,Posting date month (10) != fiscal period month (1),,2025-10-01,2025-01,,
TXN000185,FISCAL_PERIOD_MISMATCH,HIGH,Posting date month (2) != fiscal period month (1),,2026-02-01,2026-01,,
TXN000189,FISCAL_PERIOD_MISMATCH,HIGH,Posting date month (4) != fiscal period month (1),,2026-04-01,2026-01,,
TXN000196,FISCAL_PERIOD_MISMATCH,HIGH,Posting date month (5) != fiscal period month (2),,2026-05-02,2026-02,,
TXN000200,FISCAL_PERIOD_MISMATCH,HIGH,Posting date month (3) != fiscal period month (10),,2025-03-10,2025-10,,
TXN000210,FISCAL_PERIOD_MISMATCH,HIGH,Posting date month (5) != fiscal period month (1),,2026-05-01,2026-01,,
TXN000212,FISCAL_PERIOD_MISMATCH,HIGH,Posting date month (2) != fiscal period month (1),,2026-02-01,2026-01,,
TXN000215,FISCAL_PERIOD_MISMATCH,HIGH,Posting date month (12) != fiscal period month (9),,2025-12-09,2025-09,,
TXN000237,FISCAL_PERIOD_MISMATCH,HIGH,Posting date month (10) != fiscal period month (1),,2026-10-01,2026-01,,
TXN000240,FISCAL_PERIOD_MISMATCH,HIGH,Posting date month (6) != fiscal period month (4),,2025-06-04,2025-04,,
TXN000242,FISCAL_PERIOD_MISMATCH,HIGH,Posting date month (6) != fiscal period month (10),,2025-06-10,2025-10,,
TXN000246,FISCAL_PERIOD_MISMATCH,HIGH,Posting date month (7) != fiscal period month (1),,2026-07-01,2026-01,,
TXN000255,FISCAL_PERIOD_MISMATCH,HIGH,Posting date month (4) != fiscal period month (2),,2026-04-02,2026-02,,
TXN000259,FISCAL_PERIOD_MISMATCH,HIGH,Posting date month (7) != fiscal period month (2),,2026-07-02,2026-02,,
TXN000262,FISCAL_PERIOD_MISMATCH,HIGH,Posting date month (9) != fiscal period month (1),,2026-09-01,2026-01,,
TXN000291,FISCAL_PERIOD_MISMATCH,HIGH,Posting date month (4) != fiscal period month (1),,2026-04-01,2026-01,,
TXN000300,FISCAL_PERIOD_MISMATCH,HIGH,Posting date month (3) != fiscal period month (1),,2026-03-01,2026-01,,
TXN000305,FISCAL_PERIOD_MISMATCH,HIGH,Posting date month (5) != fiscal period month (3),,2025-05-03,2025-03,,
TXN000307,FISCAL_PERIOD_MISMATCH,HIGH,Posting date month (1) != fiscal period month (7),,2025-01-07,2025-07,,
TXN000314,FISCAL_PERIOD_MISMATCH,HIGH,Posting date month (11) != fiscal period month (2),,2026-11-02,2026-02,,
TXN000320,FISCAL_PERIOD_MISMATCH,HIGH,Posting date month (12) != fiscal period month (3),,2025-12-03,2025-03,,
TXN000325,FISCAL_PERIOD_MISMATCH,HIGH,Posting date month (12) != fiscal period month (2),,2026-12-02,2026-02,,
TXN000340,FISCAL_PERIOD_MISMATCH,HIGH,Posting date month (8) != fiscal period month (2),,2026-08-02,2026-02,,
TXN000344,FISCAL_PERIOD_MISMATCH,HIGH,Posting date month (2) != fiscal period month (1),,2026-02-01,2026-01,,
TXN000372,FISCAL_PERIOD_MISMATCH,HIGH,Posting date month (5) != fiscal period month (1),,2026-05-01,2026-01,,
TXN000380,FISCAL_PERIOD_MISMATCH,HIGH,Posting date month (6) != fiscal period month (2),,2026-06-02,2026-02,,
TXN000394,FISCAL_PERIOD_MISMATCH,HIGH,Posting date month (3) != fiscal period month (2),,2026-03-02,2026-02,,
TXN000405,FISCAL_PERIOD_MISMATCH,HIGH,Posting date month (9) != fiscal period month (1),,2026-09-01,2026-01,,
TXN000414,FISCAL_PERIOD_MISMATCH,HIGH,Posting date month (12) != fiscal period month (1),,2026-12-01,2026-01,,
TXN000421,FISCAL_PERIOD_MISMATCH,HIGH,Posting date month (3) != fiscal period month (2),,2026-03-02,2026-02,,
TXN000423,FISCAL_PERIOD_MISMATCH,HIGH,Posting date month (5) != fiscal period month (2),,2026-05-02,2026-02,,
TXN000435,FISCAL_PERIOD_MISMATCH,HIGH,Posting date month (4) != fiscal period month (2),,2026-04-02,2026-02,,
TXN000448,FISCAL_PERIOD_MISMATCH,HIGH,Posting date month (3) != fiscal period month (2),,2026-03-02,2026-02,,
TXN000460,FISCAL_PERIOD_MISMATCH,HIGH,Posting date month (12) != fiscal period month (8),,2025-12-08,2025-08,,
TXN000469,FISCAL_PERIOD_MISMATCH,HIGH,Posting date month (5) != fiscal period month (2),,2026-05-02,2026-02,,
TXN000472,FISCAL_PERIOD_MISMATCH,HIGH,Posting date month (11) != fiscal period month (2),,2026-11-02,2026-02,,
TXN000492,FISCAL_PERIOD_MISMATCH,HIGH,Posting date month (3) != fiscal period month (2),,2026-03-02,2026-02,,
TXN000494,FISCAL_PERIOD_MISMATCH,HIGH,Posting date month (1) != fiscal period month (2),,2026-01-02,2026-02,,
TXN000500,FISCAL_PERIOD_MISMATCH,HIGH,Posting date month (2) != fiscal period month (1),,2026-02-01,2026-01,,
TXN000506,FISCAL_PERIOD_MISMATCH,HIGH,Posting date month (3) != fiscal period month (11),,2025-03-11,2025-11,,
TXN000533,FISCAL_PERIOD_MISMATCH,HIGH,Posting date month (1) != fiscal period month (2),,2026-01-02,2026-02,,
TXN000536,FISCAL_PERIOD_MISMATCH,HIGH,Posting date month (4) != fiscal period month (7),,2025-04-07,2025-07,,
TXN000549,FISCAL_PERIOD_MISMATCH,HIGH,Posting date month (6) != fiscal period month (2),,2026-06-02,2026-02,,
TXN000550,FISCAL_PERIOD_MISMATCH,HIGH,Posting date month (6) != fiscal period month (1),,2026-06-01,2026-01,,
TXN000556,FISCAL_PERIOD_MISMATCH,HIGH,Posting date month (2) != fiscal period month (6),,2025-02-06,2025-06,,
TXN000586,FISCAL_PERIOD_MISMATCH,HIGH,Posting date month (5) != fiscal period month (1),,2026-05-01,2026-01,,
TXN000591,FISCAL_PERIOD_MISMATCH,HIGH,Posting date month (3) != fiscal period month (10),,2025-03-10,2025-10,,
TXN000592,FISCAL_PERIOD_MISMATCH,HIGH,Posting date month (9) != fiscal period month (2),,2026-09-02,2026-02,,
TXN000600,FISCAL_PERIOD_MISMATCH,HIGH,Posting date month (4) != fiscal period month (1),,2026-04-01,2026-01,,
TXN000602,FISCAL_PERIOD_MISMATCH,HIGH,Posting date month (9) != fiscal period month (2),,2026-09-02,2026-02,,
TXN000605,FISCAL_PERIOD_MISMATCH,HIGH,Posting date month (7) != fiscal period month (1),,2026-07-01,2026-01,,
TXN000615,FISCAL_PERIOD_MISMATCH,HIGH,Posting date month (11) != fiscal period month (2),,2026-11-02,2026-02,,
TXN000619,FISCAL_PERIOD_MISMATCH,HIGH,Posting date month (9) != fiscal period month (3),,2025-09-03,2025-03,,
TXN000635,FISCAL_PERIOD_MISMATCH,HIGH,Posting date month (12) != fiscal period month (1),,2026-12-01,2026-01,,
TXN000652,FISCAL_PERIOD_MISMATCH,HIGH,Posting date month (6) != fiscal period month (1),,2025-06-01,2025-01,,
TXN000664,FISCAL_PERIOD_MISMATCH,HIGH,Posting date month (10) != fiscal period month (2),,2026-10-02,2026-02,,
TXN000669,FISCAL_PERIOD_MISMATCH,HIGH,Posting date month (7) != fiscal period month (1),,2026-07-01,2026-01,,
TXN000677,FISCAL_PERIOD_MISMATCH,HIGH,Posting date month (5) != fiscal period month (1),,2026-05-01,2026-01,,
TXN000681,FISCAL_PERIOD_MISMATCH,HIGH,Posting date month (3) != fiscal period month (2),,2026-03-02,2026-02,,
TXN000696,FISCAL_PERIOD_MISMATCH,HIGH,Posting date month (10) != fiscal period month (2),,2026-10-02,2026-02,,
TXN000708,FISCAL_PERIOD_MISMATCH,HIGH,Posting date month (11) != fiscal period month (2),,2026-11-02,2026-02,,
TXN000727,FISCAL_PERIOD_MISMATCH,HIGH,Posting date month (8) != fiscal period month (1),,2026-08-01,2026-01,,
TXN000784,FISCAL_PERIOD_MISMATCH,HIGH,Posting date month (4) != fiscal period month (1),,2026-04-01,2026-01,,
TXN000798,FISCAL_PERIOD_MISMATCH,HIGH,Posting date month (7) != fiscal period month (2),,2026-07-02,2026-02,,
TXN000806,FISCAL_PERIOD_MISMATCH,HIGH,Posting date month (5) != fiscal period month (12),,2025-05-12,2025-12,,
TXN000809,FISCAL_PERIOD_MISMATCH,HIGH,Posting date month (9) != fiscal period month (1),,2026-09-02,2026-01,,
TXN000810,FISCAL_PERIOD_MISMATCH,HIGH,Posting date month (3) != fiscal period month (2),,2026-03-12,2026-02,,
TXN000811,FISCAL_PERIOD_MISMATCH,HIGH,Posting date month (2) != fiscal period month (1),,2025-02-13,2025-01,,
TXN000812,FISCAL_PERIOD_MISMATCH,HIGH,Posting date month (3) != fiscal period month (2),,2026-03-08,2026-02,,
TXN000813,FISCAL_PERIOD_MISMATCH,HIGH,Posting date month (5) != fiscal period month (4),,2025-05-16,2025-04,,
TXN000814,FISCAL_PERIOD_MISMATCH,HIGH,Posting date month (3) != fiscal period month (2),,2026-03-14,2026-02,,
TXN000815,FISCAL_PERIOD_MISMATCH,HIGH,Posting date month (3) != fiscal period month (2),,2026-03-11,2026-02,,
TXN000816,FISCAL_PERIOD_MISMATCH,HIGH,Posting date month (9) != fiscal period month (8),,2025-09-01,2025-08,,
TXN000817,FISCAL_PERIOD_MISMATCH,HIGH,Posting date month (3) != fiscal period month (2),,2026-03-11,2026-02,,
TXN000818,FISCAL_PERIOD_MISMATCH,HIGH,Posting date month (5) != fiscal period month (4),,2025-05-20,2025-04,,
TXN000819,FISCAL_PERIOD_MISMATCH,HIGH,Posting date month (2) != fiscal period month (1),,2026-02-25,2026-01,,
TXN000820,FISCAL_PERIOD_MISMATCH,HIGH,Posting date month (2) != fiscal period month (1),,2026-02-19,2026-01,,
TXN000821,FISCAL_PERIOD_MISMATCH,HIGH,Posting date month (8) != fiscal period month (7),,2025-08-22,2025-07,,
TXN000822,FISCAL_PERIOD_MISMATCH,HIGH,Posting date month (5) != fiscal period month (4),,2025-05-19,2025-04,,
TXN000823,FISCAL_PERIOD_MISMATCH,HIGH,Posting date month (3) != fiscal period month (2),,2026-03-23,2026-02,,
TXN000824,FISCAL_PERIOD_MISMATCH,HIGH,Posting date month (3) != fiscal period month (2),,2026-03-05,2026-02,,
TXN000825,FISCAL_PERIOD_MISMATCH,HIGH,Posting date month (11) != fiscal period month (1),,2026-11-02,2026-01,,
TXN000826,FISCAL_PERIOD_MISMATCH,HIGH,Posting date month (2) != fiscal period month (1),,2026-02-03,2026-01,,
TXN000827,FISCAL_PERIOD_MISMATCH,HIGH,Posting date month (2) != fiscal period month (1),,2026-02-03,2026-01,,
TXN000828,FISCAL_PERIOD_MISMATCH,HIGH,Posting date month (2) != fiscal period month (1),,2026-02-21,2026-01,,
TXN000829,FISCAL_PERIOD_MISMATCH,HIGH,Posting date month (4) != fiscal period month (3),,2025-04-14,2025-03,,
TXN000830,FISCAL_PERIOD_MISMATCH,HIGH,Posting date month (3) != fiscal period month (2),,2025-03-16,2025-02,,
TXN000831,FISCAL_PERIOD_MISMATCH,HIGH,Posting date month (4) != fiscal period month (3),,2025-04-19,2025-03,,
TXN000832,FISCAL_PERIOD_MISMATCH,HIGH,Posting date month (4) != fiscal period month (3),,2025-04-17,2025-03,,
TXN000833,FISCAL_PERIOD_MISMATCH,HIGH,Posting date month (3) != fiscal period month (2),,2026-03-16,2026-02,,
TXN000834,FISCAL_PERIOD_MISMATCH,HIGH,Posting date month (3) != fiscal period month (2),,2026-03-19,2026-02,,
TXN000835,FISCAL_PERIOD_MISMATCH,HIGH,Posting date month (3) != fiscal period month (2),,2026-03-06,2026-02,,
TXN000836,FISCAL_PERIOD_MISMATCH,HIGH,Posting date month (3) != fiscal period month (2),,2026-03-05,2026-02,,
TXN000837,FISCAL_PERIOD_MISMATCH,HIGH,Posting date month (2) != fiscal period month (1),,2026-02-19,2026-01,,
TXN000838,FISCAL_PERIOD_MISMATCH,HIGH,Posting date month (10) != fiscal period month (1),,2026-10-02,2026-01,,
TXN000839,FISCAL_PERIOD_MISMATCH,HIGH,Posting date month (3) != fiscal period month (1),,2026-03-02,2026-01,,
TXN000840,FISCAL_PERIOD_MISMATCH,HIGH,Posting date month (11) != fiscal period month (2),,2026-11-03,2026-02,,
TXN000841,FISCAL_PERIOD_MISMATCH,HIGH,Posting date month (3) != fiscal period month (2),,2026-03-16,2026-02,,
TXN000842,FISCAL_PERIOD_MISMATCH,HIGH,Posting date month (12) != fiscal period month (11),,2025-12-18,2025-11,,
TXN000843,FISCAL_PERIOD_MISMATCH,HIGH,Posting date month (3) != fiscal period month (2),,2026-03-16,2026-02,,
TXN000844,FISCAL_PERIOD_MISMATCH,HIGH,Posting date month (6) != fiscal period month (5),,2025-06-13,2025-05,,
TXN000845,FISCAL_PERIOD_MISMATCH,HIGH,Posting date month (2) != fiscal period month (1),,2026-02-16,2026-01,,
TXN000846,FISCAL_PERIOD_MISMATCH,HIGH,Posting date month (1) != fiscal period month (12),,2026-01-17,2025-12,,
TXN000847,FISCAL_PERIOD_MISMATCH,HIGH,Posting date month (3) != fiscal period month (1),,2026-03-02,2026-01,,
TXN000848,FISCAL_PERIOD_MISMATCH,HIGH,Posting date month (6) != fiscal period month (5),,2025-06-09,2025-05,,
TXN000849,FISCAL_PERIOD_MISMATCH,HIGH,Posting date month (2) != fiscal period month (1),,2026-02-16,2026-01,,
TXN000850,FISCAL_PERIOD_MISMATCH,HIGH,Posting date month (8) != fiscal period month (7),,2025-08-19,2025-07,,
TXN000851,FISCAL_PERIOD_MISMATCH,HIGH,Posting date month (3) != fiscal period month (2),,2026-03-03,2026-02,,
TXN000852,FISCAL_PERIOD_MISMATCH,HIGH,Posting date month (11) != fiscal period month (10),,2025-11-23,2025-10,,
TXN000853,FISCAL_PERIOD_MISMATCH,HIGH,Posting date month (3) != fiscal period month (2),,2026-03-02,2026-02,,
TXN000854,FISCAL_PERIOD_MISMATCH,HIGH,Posting date month (11) != fiscal period month (10),,2025-11-17,2025-10,,
TXN000855,FISCAL_PERIOD_MISMATCH,HIGH,Posting date month (1) != fiscal period month (12),,2026-01-12,2025-12,,
TXN000856,FISCAL_PERIOD_MISMATCH,HIGH,Posting date month (3) != fiscal period month (2),,2026-03-12,2026-02,,
TXN000859,FISCAL_PERIOD_MISMATCH,HIGH,Posting date month (1) != fiscal period month (2),,2026-01-02,2026-02,,
TXN000862,FISCAL_PERIOD_MISMATCH,HIGH,Posting date month (3) != fiscal period month (2),,2026-03-02,2026-02,,
TXN000880,FISCAL_PERIOD_MISMATCH,HIGH,Posting date month (10) != fiscal period month (1),,2026-10-01,2026-01,,
TXN000890,FISCAL_PERIOD_MISMATCH,HIGH,Posting date month (8) != fiscal period month (7),,2025-08-07,2025-07,,
TXN000916,FISCAL_PERIOD_MISMATCH,HIGH,Posting date month (12) != fiscal period month (1),,2026-12-01,2026-01,,
TXN000928,FISCAL_PERIOD_MISMATCH,HIGH,Posting date month (4) != fiscal period month (1),,2026-04-01,2026-01,,
TXN000949,FISCAL_PERIOD_MISMATCH,HIGH,Posting date month (6) != fiscal period month (2),,2026-06-02,2026-02,,
TXN000960,FISCAL_PERIOD_MISMATCH,HIGH,Posting date month (9) != fiscal period month (2),,2026-09-02,2026-02,,
TXN000961,FISCAL_PERIOD_MISMATCH,HIGH,Posting date month (3) != fiscal period month (8),,2025-03-08,2025-08,,
TXN000975,FISCAL_PERIOD_MISMATCH,HIGH,Posting date month (4) != fiscal period month (2),,2026-04-02,2026-02,,
TXN000996,FISCAL_PERIOD_MISMATCH,HIGH,Posting date month (11) != fiscal period month (2),,2026-11-02,2026-02,,
TXN001001,FISCAL_PERIOD_MISMATCH,HIGH,Posting date month (4) != fiscal period month (2),,2026-04-02,2026-02,,
TXN001004,FISCAL_PERIOD_MISMATCH,HIGH,Posting date month (6) != fiscal period month (2),,2026-06-02,2026-02,,
TXN001015,FISCAL_PERIOD_MISMATCH,HIGH,Posting date month (7) != fiscal period month (2),,2026-07-02,2026-02,,
TXN001034,FISCAL_PERIOD_MISMATCH,HIGH,Posting date month (5) != fiscal period month (1),,2026-05-01,2026-01,,
TXN001045,FISCAL_PERIOD_MISMATCH,HIGH,Posting date month (8) != fiscal period month (2),,2026-08-02,2026-02,,
TXN001054,FISCAL_PERIOD_MISMATCH,HIGH,Posting date month (6) != fiscal period month (2),,2026-06-02,2026-02,,
TXN001056,FISCAL_PERIOD_MISMATCH,HIGH,Posting date month (6) != fiscal period month (1),,2026-06-01,2026-01,,
TXN001061,FISCAL_PERIOD_MISMATCH,HIGH,Posting date month (4) != fiscal period month (1),,2026-04-01,2026-01,,
TXN001064,FISCAL_PERIOD_MISMATCH,HIGH,Posting date month (8) != fiscal period month (2),,2026-08-02,2026-02,,
TXN001065,FISCAL_PERIOD_MISMATCH,HIGH,Posting date month (9) != fiscal period month (1),,2025-09-01,2025-01,,
TXN001103,FISCAL_PERIOD_MISMATCH,HIGH,Posting date month (12) != fiscal period month (9),,2025-12-09,2025-09,,
TXN001104,FISCAL_PERIOD_MISMATCH,HIGH,Posting date month (12) != fiscal period month (1),,2025-12-01,2025-01,,
TXN001109,FISCAL_PERIOD_MISMATCH,HIGH,Posting date month (2) != fiscal period month (1),,2026-02-01,2026-01,,
TXN001121,FISCAL_PERIOD_MISMATCH,HIGH,Posting date month (6) != fiscal period month (11),,2025-06-11,2025-11,,
TXN001143,FISCAL_PERIOD_MISMATCH,HIGH,Posting date month (6) != fiscal period month (1),,2026-06-01,2026-01,,
TXN001153,FISCAL_PERIOD_MISMATCH,HIGH,Posting date month (9) != fiscal period month (1),,2026-09-01,2026-01,,
TXN001189,FISCAL_PERIOD_MISMATCH,HIGH,Posting date month (5) != fiscal period month (4),,2025-05-04,2025-04,,
TXN001190,FISCAL_PERIOD_MISMATCH,HIGH,Posting date month (8) != fiscal period month (3),,2025-08-03,2025-03,,
TXN001200,FISCAL_PERIOD_MISMATCH,HIGH,Posting date month (11) != fiscal period month (2),,2026-11-02,2026-02,,
TXN001207,FISCAL_PERIOD_MISMATCH,HIGH,Posting date month (3) != fiscal period month (1),,2026-03-01,2026-01,,
TXN001212,FISCAL_PERIOD_MISMATCH,HIGH,Posting date month (2) != fiscal period month (11),,2025-02-11,2025-11,,
TXN001229,FISCAL_PERIOD_MISMATCH,HIGH,Posting date month (11) != fiscal period month (1),,2026-11-01,2026-01,,
TXN001231,FISCAL_PERIOD_MISMATCH,HIGH,Posting date month (2) != fiscal period month (1),,2026-02-01,2026-01,,
TXN001234,FISCAL_PERIOD_MISMATCH,HIGH,Posting date month (7) != fiscal period month (1),,2026-07-01,2026-01,,
TXN001266,FISCAL_PERIOD_MISMATCH,HIGH,Posting date month (10) != fiscal period month (2),,2026-10-02,2026-02,,
TXN001282,FISCAL_PERIOD_MISMATCH,HIGH,Posting date month (9) != fiscal period month (2),,2026-09-02,2026-02,,
TXN001291,FISCAL_PERIOD_MISMATCH,HIGH,Posting date month (12) != fiscal period month (2),,2026-12-02,2026-02,,
TXN001323,FISCAL_PERIOD_MISMATCH,HIGH,Posting date month (1) != fiscal period month (8),,2025-01-08,2025-08,,
TXN001330,FISCAL_PERIOD_MISMATCH,HIGH,Posting date month (9) != fiscal period month (1),,2026-09-01,2026-01,,
TXN001331,FISCAL_PERIOD_MISMATCH,HIGH,Posting date month (11) != fiscal period month (2),,2026-11-02,2026-02,,
TXN001333,FISCAL_PERIOD_MISMATCH,HIGH,Posting date month (10) != fiscal period month (8),,2025-10-08,2025-08,,
TXN001340,FISCAL_PERIOD_MISMATCH,HIGH,Posting date month (7) != fiscal period month (2),,2026-07-02,2026-02,,
TXN001343,FISCAL_PERIOD_MISMATCH,HIGH,Posting date month (6) != fiscal period month (2),,2026-06-02,2026-02,,
TXN001351,FISCAL_PERIOD_MISMATCH,HIGH,Posting date month (1) != fiscal period month (6),,2025-01-06,2025-06,,
TXN001360,FISCAL_PERIOD_MISMATCH,HIGH,Posting date month (3) != fiscal period month (11),,2025-03-11,2025-11,,
TXN001371,FISCAL_PERIOD_MISMATCH,HIGH,Posting date month (1) != fiscal period month (2),,2026-01-02,2026-02,,
TXN001399,FISCAL_PERIOD_MISMATCH,HIGH,Posting date month (3) != fiscal period month (2),,2026-03-02,2026-02,,
TXN001400,FISCAL_PERIOD_MISMATCH,HIGH,Posting date month (7) != fiscal period month (8),,2025-07-08,2025-08,,
TXN001416,FISCAL_PERIOD_MISMATCH,HIGH,Posting date month (3) != fiscal period month (2),,2026-03-02,2026-02,,
TXN001429,FISCAL_PERIOD_MISMATCH,HIGH,Posting date month (12) != fiscal period month (2),,2026-12-02,2026-02,,
TXN001434,FISCAL_PERIOD_MISMATCH,HIGH,Posting date month (10) != fiscal period month (1),,2026-10-01,2026-01,,
TXN001436,FISCAL_PERIOD_MISMATCH,HIGH,Posting date month (8) != fiscal period month (6),,2025-08-06,2025-06,,
TXN001463,FISCAL_PERIOD_MISMATCH,HIGH,Posting date month (2) != fiscal period month (11),,2025-02-11,2025-11,,
TXN001467,FISCAL_PERIOD_MISMATCH,HIGH,Posting date month (5) != fiscal period month (2),,2026-05-02,2026-02,,
TXN001469,FISCAL_PERIOD_MISMATCH,HIGH,Posting date month (6) != fiscal period month (2),,2026-06-02,2026-02,,
TXN001473,FISCAL_PERIOD_MISMATCH,HIGH,Posting date month (1) != fiscal period month (2),,2026-01-02,2026-02,,
TXN001483,FISCAL_PERIOD_MISMATCH,HIGH,Posting date month (9) != fiscal period month (8),,2025-09-08,2025-08,,
TXN001501,FISCAL_PERIOD_MISMATCH,HIGH,Posting date month (8) != fiscal period month (1),,2026-08-01,2026-01,,
TXN001506,FISCAL_PERIOD_MISMATCH,HIGH,Posting date month (2) != fiscal period month (12),,2025-02-12,2025-12,,
TXN001510,FISCAL_PERIOD_MISMATCH,HIGH,Posting date month (11) != fiscal period month (2),,2026-11-02,2026-02,,
TXN001545,FISCAL_PERIOD_MISMATCH,HIGH,Posting date month (12) != fiscal period month (1),,2026-12-01,2026-01,,
TXN001614,FISCAL_PERIOD_MISMATCH,HIGH,Posting date month (11) != fiscal period month (7),,2025-11-07,2025-07,,
TXN001622,FISCAL_PERIOD_MISMATCH,HIGH,Posting date month (7) != fiscal period month (1),,2026-07-01,2026-01,,
TXN001623,FISCAL_PERIOD_MISMATCH,HIGH,Posting date month (11) != fiscal period month (1),,2026-11-01,2026-01,,
TXN001661,FISCAL_PERIOD_MISMATCH,HIGH,Posting date month (9) != fiscal period month (8),,2025-09-08,2025-08,,
TXN001664,FISCAL_PERIOD_MISMATCH,HIGH,Posting date month (6) != fiscal period month (2),,2026-06-02,2026-02,,
TXN001665,FISCAL_PERIOD_MISMATCH,HIGH,Posting date month (5) != fiscal period month (1),,2026-05-01,2026-01,,
TXN001668,FISCAL_PERIOD_MISMATCH,HIGH,Posting date month (4) != fiscal period month (2),,2026-04-02,2026-02,,
TXN001680,FISCAL_PERIOD_MISMATCH,HIGH,Posting date month (9) != fiscal period month (2),,2026-09-02,2026-02,,
TXN001686,FISCAL_PERIOD_MISMATCH,HIGH,Posting date month (12) != fiscal period month (1),,2026-12-01,2026-01,,
TXN001688,FISCAL_PERIOD_MISMATCH,HIGH,Posting date month (5) != fiscal period month (1),,2026-05-01,2026-01,,
TXN001694,FISCAL_PERIOD_MISMATCH,HIGH,Posting date month (4) != fiscal period month (11),,2025-04-11,2025-11,,
TXN001699,FISCAL_PERIOD_MISMATCH,HIGH,Posting date month (3) != fiscal period month (2),,2026-03-02,2026-02,,
TXN001716,FISCAL_PERIOD_MISMATCH,HIGH,Posting date month (6) != fiscal period month (1),,2026-06-01,2026-01,,
TXN001743,FISCAL_PERIOD_MISMATCH,HIGH,Posting date month (3) != fiscal period month (6),,2025-03-06,2025-06,,
TXN001749,FISCAL_PERIOD_MISMATCH,HIGH,Posting date month (3) != fiscal period month (1),,2026-03-01,2026-01,,
TXN001755,FISCAL_PERIOD_MISMATCH,HIGH,Posting date month (4) != fiscal period month (2),,2025-04-02,2025-02,,
TXN001759,FISCAL_PERIOD_MISMATCH,HIGH,Posting date month (6) != fiscal period month (1),,2026-06-01,2026-01,,
TXN001760,FISCAL_PERIOD_MISMATCH,HIGH,Posting date month (3) != fiscal period month (8),,2025-03-08,2025-08,,
TXN001764,FISCAL_PERIOD_MISMATCH,HIGH,Posting date month (4) != fiscal period month (8),,2025-04-08,2025-08,,
TXN001789,FISCAL_PERIOD_MISMATCH,HIGH,Posting date month (8) != fiscal period month (2),,2026-08-02,2026-02,,
TXN001794,FISCAL_PERIOD_MISMATCH,HIGH,Posting date month (7) != fiscal period month (1),,2026-07-01,2026-01,,
TXN001795,FISCAL_PERIOD_MISMATCH,HIGH,Posting date month (11) != fiscal period month (7),,2025-11-07,2025-07,,
TXN001825,FISCAL_PERIOD_MISMATCH,HIGH,Posting date month (9) != fiscal period month (10),,2025-09-10,2025-10,,
TXN001846,FISCAL_PERIOD_MISMATCH,HIGH,Posting date month (9) != fiscal period month (1),,2026-09-01,2026-01,,
TXN001852,FISCAL_PERIOD_MISMATCH,HIGH,Posting date month (6) != fiscal period month (3),,2025-06-03,2025-03,,
TXN001862,FISCAL_PERIOD_MISMATCH,HIGH,Posting date month (6) != fiscal period month (2),,2026-06-02,2026-02,,
TXN001864,FISCAL_PERIOD_MISMATCH,HIGH,Posting date month (11) != fiscal period month (2),,2026-11-02,2026-02,,
TXN001899,FISCAL_PERIOD_MISMATCH,HIGH,Posting date month (11) != fiscal period month (2),,2025-11-02,2025-02,,
TXN001921,FISCAL_PERIOD_MISMATCH,HIGH,Posting date month (12) != fiscal period month (2),,2026-12-02,2026-02,,
TXN001923,FISCAL_PERIOD_MISMATCH,HIGH,Posting date month (8) != fiscal period month (5),,2025-08-05,2025-05,,
TXN001925,FISCAL_PERIOD_MISMATCH,HIGH,Posting date month (3) != fiscal period month (1),,2026-03-01,2026-01,,
TXN001931,FISCAL_PERIOD_MISMATCH,HIGH,Posting date month (12) != fiscal period month (1),,2026-12-01,2026-01,,
TXN001942,FISCAL_PERIOD_MISMATCH,HIGH,Posting date month (12) != fiscal period month (9),,2025-12-09,2025-09,,
TXN001950,FISCAL_PERIOD_MISMATCH,HIGH,Posting date month (12) != fiscal period month (10),,2025-12-10,2025-10,,
TXN001961,FISCAL_PERIOD_MISMATCH,HIGH,Posting date month (11) != fiscal period month (1),,2026-11-01,2026-01,,
TXN001971,FISCAL_PERIOD_MISMATCH,HIGH,Posting date month (7) != fiscal period month (1),,2026-07-01,2026-01,,
TXN001996,FISCAL_PERIOD_MISMATCH,HIGH,Posting date month (10) != fiscal period month (12),,2025-10-12,2025-12,,
TXN002000,FISCAL_PERIOD_MISMATCH,HIGH,Posting date month (9) != fiscal period month (11),,2025-09-11,2025-11,,
TXN002029,FISCAL_PERIOD_MISMATCH,HIGH,Posting date month (1) != fiscal period month (6),,2025-01-06,2025-06,,
TXN002032,FISCAL_PERIOD_MISMATCH,HIGH,Posting date month (3) != fiscal period month (1),,2026-03-01,2026-01,,
TXN002039,FISCAL_PERIOD_MISMATCH,HIGH,Posting date month (12) != fiscal period month (7),,2025-12-07,2025-07,,
TXN002042,FISCAL_PERIOD_MISMATCH,HIGH,Posting date month (5) != fiscal period month (2),,2025-05-02,2025-02,,
TXN002054,FISCAL_PERIOD_MISMATCH,HIGH,Posting date month (5) != fiscal period month (1),,2026-05-01,2026-01,,
TXN002070,FISCAL_PERIOD_MISMATCH,HIGH,Posting date month (10) != fiscal period month (2),,2026-10-02,2026-02,,
TXN002075,FISCAL_PERIOD_MISMATCH,HIGH,Posting date month (8) != fiscal period month (7),,2025-08-07,2025-07,,
TXN002079,FISCAL_PERIOD_MISMATCH,HIGH,Posting date month (5) != fiscal period month (8),,2025-05-08,2025-08,,
TXN002088,FISCAL_PERIOD_MISMATCH,HIGH,Posting date month (9) != fiscal period month (1),,2026-09-01,2026-01,,
TXN002116,FISCAL_PERIOD_MISMATCH,HIGH,Posting date month (1) != fiscal period month (10),,2025-01-10,2025-10,,
TXN002162,FISCAL_PERIOD_MISMATCH,HIGH,Posting date month (9) != fiscal period month (1),,2026-09-01,2026-01,,
TXN002172,FISCAL_PERIOD_MISMATCH,HIGH,Posting date month (8) != fiscal period month (2),,2026-08-02,2026-02,,
TXN002174,FISCAL_PERIOD_MISMATCH,HIGH,Posting date month (10) != fiscal period month (2),,2026-10-02,2026-02,,
TXN002188,FISCAL_PERIOD_MISMATCH,HIGH,Posting date month (11) != fiscal period month (1),,2026-11-01,2026-01,,
TXN002199,FISCAL_PERIOD_MISMATCH,HIGH,Posting date month (5) != fiscal period month (12),,2025-05-12,2025-12,,
TXN002205,FISCAL_PERIOD_MISMATCH,HIGH,Posting date month (5) != fiscal period month (1),,2026-05-01,2026-01,,
TXN002207,FISCAL_PERIOD_MISMATCH,HIGH,Posting date month (8) != fiscal period month (2),,2026-08-02,2026-02,,
TXN002208,FISCAL_PERIOD_MISMATCH,HIGH,Posting date month (10) != fiscal period month (2),,2026-10-02,2026-02,,
TXN002229,FISCAL_PERIOD_MISMATCH,HIGH,Posting date month (9) != fiscal period month (12),,2025-09-12,2025-12,,
TXN002236,FISCAL_PERIOD_MISMATCH,HIGH,Posting date month (7) != fiscal period month (5),,2025-07-05,2025-05,,
TXN002239,FISCAL_PERIOD_MISMATCH,HIGH,Posting date month (10) != fiscal period month (1),,2026-10-01,2026-01,,
TXN002242,FISCAL_PERIOD_MISMATCH,HIGH,Posting date month (2) != fiscal period month (10),,2025-02-10,2025-10,,
TXN002244,FISCAL_PERIOD_MISMATCH,HIGH,Posting date month (7) != fiscal period month (11),,2025-07-11,2025-11,,
TXN002255,FISCAL_PERIOD_MISMATCH,HIGH,Posting date month (8) != fiscal period month (1),,2026-08-01,2026-01,,
TXN002256,FISCAL_PERIOD_MISMATCH,HIGH,Posting date month (5) != fiscal period month (3),,2025-05-03,2025-03,,
TXN002267,FISCAL_PERIOD_MISMATCH,HIGH,Posting date month (8) != fiscal period month (1),,2026-08-01,2026-01,,
TXN002307,FISCAL_PERIOD_MISMATCH,HIGH,Posting date month (3) != fiscal period month (1),,2026-03-01,2026-01,,
TXN002382,FISCAL_PERIOD_MISMATCH,HIGH,Posting date month (12) != fiscal period month (2),,2026-12-02,2026-02,,
TXN002397,FISCAL_PERIOD_MISMATCH,HIGH,Posting date month (6) != fiscal period month (1),,2026-06-01,2026-01,,
TXN002418,FISCAL_PERIOD_MISMATCH,HIGH,Posting date month (11) != fiscal period month (2),,2026-11-02,2026-02,,
TXN002424,FISCAL_PERIOD_MISMATCH,HIGH,Posting date month (11) != fiscal period month (2),,2026-11-02,2026-02,,
TXN002431,FISCAL_PERIOD_MISMATCH,HIGH,Posting date month (1) != fiscal period month (2),,2026-01-02,2026-02,,
TXN002448,FISCAL_PERIOD_MISMATCH,HIGH,Posting date month (11) != fiscal period month (1),,2026-11-01,2026-01,,
TXN002450,FISCAL_PERIOD_MISMATCH,HIGH,Posting date month (2) != fiscal period month (1),,2026-02-01,2026-01,,
TXN002452,FISCAL_PERIOD_MISMATCH,HIGH,Posting date month (8) != fiscal period month (2),,2026-08-02,2026-02,,
TXN002453,FISCAL_PERIOD_MISMATCH,HIGH,Posting date month (7) != fiscal period month (1),,2026-07-01,2026-01,,
TXN002482,FISCAL_PERIOD_MISMATCH,HIGH,Posting date month (11) != fiscal period month (2),,2026-11-02,2026-02,,
TXN002498,FISCAL_PERIOD_MISMATCH,HIGH,Posting date month (2) != fiscal period month (1),,2026-02-01,2026-01,,
TXN002501,FISCAL_PERIOD_MISMATCH,HIGH,Posting date month (9) != fiscal period month (10),,2025-09-10,2025-10,,
TXN002522,FISCAL_PERIOD_MISMATCH,HIGH,Posting date month (9) != fiscal period month (2),,2026-09-02,2026-02,,
TXN002543,FISCAL_PERIOD_MISMATCH,HIGH,Posting date month (8) != fiscal period month (1),,2026-08-01,2026-01,,
TXN002547,FISCAL_PERIOD_MISMATCH,HIGH,Posting date month (2) != fiscal period month (1),,2026-02-01,2026-01,,
TXN002570,FISCAL_PERIOD_MISMATCH,HIGH,Posting date month (11) != fiscal period month (2),,2026-11-02,2026-02,,
TXN002583,FISCAL_PERIOD_MISMATCH,HIGH,Posting date month (6) != fiscal period month (1),,2026-06-01,2026-01,,
TXN002586,FISCAL_PERIOD_MISMATCH,HIGH,Posting date month (10) != fiscal period month (2),,2026-10-02,2026-02,,
TXN002605,FISCAL_PERIOD_MISMATCH,HIGH,Posting date month (5) != fiscal period month (1),,2026-05-01,2026-01,,
TXN002610,FISCAL_PERIOD_MISMATCH,HIGH,Posting date month (7) != fiscal period month (1),,2026-07-01,2026-01,,
TXN002638,FISCAL_PERIOD_MISMATCH,HIGH,Posting date month (2) != fiscal period month (1),,2026-02-01,2026-01,,
TXN002652,FISCAL_PERIOD_MISMATCH,HIGH,Posting date month (12) != fiscal period month (2),,2026-12-02,2026-02,,
TXN002653,FISCAL_PERIOD_MISMATCH,HIGH,Posting date month (9) != fiscal period month (2),,2026-09-02,2026-02,,
TXN002655,FISCAL_PERIOD_MISMATCH,HIGH,Posting date month (6) != fiscal period month (10),,2025-06-10,2025-10,,
TXN002677,FISCAL_PERIOD_MISMATCH,HIGH,Posting date month (11) != fiscal period month (8),,2025-11-08,2025-08,,
TXN002701,FISCAL_PERIOD_MISMATCH,HIGH,Posting date month (3) != fiscal period month (1),,2026-03-01,2026-01,,
TXN002706,FISCAL_PERIOD_MISMATCH,HIGH,Posting date month (2) != fiscal period month (1),,2026-02-01,2026-01,,
TXN002710,FISCAL_PERIOD_MISMATCH,HIGH,Posting date month (6) != fiscal period month (9),,2025-06-09,2025-09,,
TXN002722,FISCAL_PERIOD_MISMATCH,HIGH,Posting date month (7) != fiscal period month (2),,2026-07-02,2026-02,,
TXN002755,FISCAL_PERIOD_MISMATCH,HIGH,Posting date month (12) != fiscal period month (2),,2026-12-02,2026-02,,
TXN002757,FISCAL_PERIOD_MISMATCH,HIGH,Posting date month (12) != fiscal period month (1),,2026-12-01,2026-01,,
TXN002758,FISCAL_PERIOD_MISMATCH,HIGH,Posting date month (8) != fiscal period month (2),,2026-08-02,2026-02,,
TXN002759,FISCAL_PERIOD_MISMATCH,HIGH,Posting date month (1) != fiscal period month (11),,2025-01-11,2025-11,,
TXN002764,FISCAL_PERIOD_MISMATCH,HIGH,Posting date month (2) != fiscal period month (1),,2025-02-01,2025-01,,
TXN002766,FISCAL_PERIOD_MISMATCH,HIGH,Posting date month (3) != fiscal period month (2),,2026-03-02,2026-02,,
TXN002776,FISCAL_PERIOD_MISMATCH,HIGH,Posting date month (8) != fiscal period month (2),,2026-08-02,2026-02,,
TXN002783,FISCAL_PERIOD_MISMATCH,HIGH,Posting date month (10) != fiscal period month (1),,2026-10-01,2026-01,,
TXN002810,FISCAL_PERIOD_MISMATCH,HIGH,Posting date month (11) != fiscal period month (1),,2026-11-01,2026-01,,
TXN002812,FISCAL_PERIOD_MISMATCH,HIGH,Posting date month (8) != fiscal period month (3),,2025-08-03,2025-03,,
TXN002816,FISCAL_PERIOD_MISMATCH,HIGH,Posting date month (11) != fiscal period month (2),,2026-11-02,2026-02,,
TXN002817,FISCAL_PERIOD_MISMATCH,HIGH,Posting date month (6) != fiscal period month (2),,2026-06-02,2026-02,,
TXN002820,FISCAL_PERIOD_MISMATCH,HIGH,Posting date month (9) != fiscal period month (2),,2026-09-02,2026-02,,
TXN002826,FISCAL_PERIOD_MISMATCH,HIGH,Posting date month (7) != fiscal period month (2),,2026-07-02,2026-02,,
TXN002828,FISCAL_PERIOD_MISMATCH,HIGH,Posting date month (6) != fiscal period month (1),,2026-06-01,2026-01,,
TXN002885,FISCAL_PERIOD_MISMATCH,HIGH,Posting date month (3) != fiscal period month (2),,2026-03-02,2026-02,,
TXN002917,FISCAL_PERIOD_MISMATCH,HIGH,Posting date month (9) != fiscal period month (1),,2026-09-01,2026-01,,
TXN002950,FISCAL_PERIOD_MISMATCH,HIGH,Posting date month (6) != fiscal period month (4),,2025-06-04,2025-04,,
TXN002954,FISCAL_PERIOD_MISMATCH,HIGH,Posting date month (7) != fiscal period month (2),,2026-07-02,2026-02,,
TXN002961,FISCAL_PERIOD_MISMATCH,HIGH,Posting date month (2) != fiscal period month (1),,2026-02-01,2026-01,,
TXN002972,FISCAL_PERIOD_MISMATCH,HIGH,Posting date month (8) != fiscal period month (2),,2026-08-02,2026-02,,
TXN002978,FISCAL_PERIOD_MISMATCH,HIGH,Posting date month (2) != fiscal period month (6),,2025-02-06,2025-06,,
TXN002991,FISCAL_PERIOD_MISMATCH,HIGH,Posting date month (7) != fiscal period month (2),,2026-07-02,2026-02,,
TXN002995,FISCAL_PERIOD_MISMATCH,HIGH,Posting date month (10) != fiscal period month (12),,2025-10-12,2025-12,,
TXN003009,FISCAL_PERIOD_MISMATCH,HIGH,Posting date month (3) != fiscal period month (1),,2026-03-01,2026-01,,
TXN003019,FISCAL_PERIOD_MISMATCH,HIGH,Posting date month (9) != fiscal period month (1),,2026-09-01,2026-01,,
TXN003029,FISCAL_PERIOD_MISMATCH,HIGH,Posting date month (9) != fiscal period month (2),,2026-09-02,2026-02,,
TXN003030,FISCAL_PERIOD_MISMATCH,HIGH,Posting date month (9) != fiscal period month (8),,2025-09-08,2025-08,,
TXN003037,FISCAL_PERIOD_MISMATCH,HIGH,Posting date month (3) != fiscal period month (12),,2025-03-12,2025-12,,
TXN003063,FISCAL_PERIOD_MISMATCH,HIGH,Posting date month (3) != fiscal period month (1),,2026-03-01,2026-01,,
TXN003069,FISCAL_PERIOD_MISMATCH,HIGH,Posting date month (12) != fiscal period month (2),,2026-12-02,2026-02,,
TXN003084,FISCAL_PERIOD_MISMATCH,HIGH,Posting date month (11) != fiscal period month (2),,2026-11-02,2026-02,,
TXN003085,FISCAL_PERIOD_MISMATCH,HIGH,Posting date month (6) != fiscal period month (1),,2026-06-01,2026-01,,
TXN003086,FISCAL_PERIOD_MISMATCH,HIGH,Posting date month (11) != fiscal period month (2),,2026-11-02,2026-02,,
TXN003102,FISCAL_PERIOD_MISMATCH,HIGH,Posting date month (6) != fiscal period month (1),,2026-06-01,2026-01,,
TXN003108,FISCAL_PERIOD_MISMATCH,HIGH,Posting date month (1) != fiscal period month (7),,2025-01-07,2025-07,,
TXN003116,FISCAL_PERIOD_MISMATCH,HIGH,Posting date month (5) != fiscal period month (2),,2026-05-02,2026-02,,
TXN003125,FISCAL_PERIOD_MISMATCH,HIGH,Posting date month (7) != fiscal period month (1),,2026-07-01,2026-01,,
TXN003130,FISCAL_PERIOD_MISMATCH,HIGH,Posting date month (5) != fiscal period month (1),,2026-05-01,2026-01,,
TXN003143,FISCAL_PERIOD_MISMATCH,HIGH,Posting date month (4) != fiscal period month (2),,2026-04-02,2026-02,,
TXN003144,FISCAL_PERIOD_MISMATCH,HIGH,Posting date month (12) != fiscal period month (2),,2026-12-02,2026-02,,
TXN003167,FISCAL_PERIOD_MISMATCH,HIGH,Posting date month (3) != fiscal period month (1),,2026-03-01,2026-01,,
TXN003172,FISCAL_PERIOD_MISMATCH,HIGH,Posting date month (3) != fiscal period month (1),,2026-03-01,2026-01,,
TXN003195,FISCAL_PERIOD_MISMATCH,HIGH,Posting date month (9) != fiscal period month (1),,2026-09-01,2026-01,,
TXN003276,FISCAL_PERIOD_MISMATCH,HIGH,Posting date month (7) != fiscal period month (2),,2026-07-02,2026-02,,
TXN003279,FISCAL_PERIOD_MISMATCH,HIGH,Posting date month (7) != fiscal period month (11),,2025-07-11,2025-11,,
TXN003305,FISCAL_PERIOD_MISMATCH,HIGH,Posting date month (3) != fiscal period month (1),,2026-03-01,2026-01,,
TXN003319,FISCAL_PERIOD_MISMATCH,HIGH,Posting date month (3) != fiscal period month (1),,2026-03-01,2026-01,,
TXN003342,FISCAL_PERIOD_MISMATCH,HIGH,Posting date month (3) != fiscal period month (2),,2025-03-02,2025-02,,
TXN003348,FISCAL_PERIOD_MISMATCH,HIGH,Posting date month (12) != fiscal period month (2),,2026-12-02,2026-02,,
TXN003351,FISCAL_PERIOD_MISMATCH,HIGH,Posting date month (5) != fiscal period month (1),,2026-05-01,2026-01,,
TXN003357,FISCAL_PERIOD_MISMATCH,HIGH,Posting date month (10) != fiscal period month (1),,2026-10-01,2026-01,,
TXN003371,FISCAL_PERIOD_MISMATCH,HIGH,Posting date month (12) != fiscal period month (4),,2025-12-04,2025-04,,
TXN003375,FISCAL_PERIOD_MISMATCH,HIGH,Posting date month (12) != fiscal period month (1),,2026-12-01,2026-01,,
TXN003381,FISCAL_PERIOD_MISMATCH,HIGH,Posting date month (11) != fiscal period month (2),,2026-11-02,2026-02,,
TXN003385,FISCAL_PERIOD_MISMATCH,HIGH,Posting date month (7) != fiscal period month (1),,2026-07-01,2026-01,,
TXN003388,FISCAL_PERIOD_MISMATCH,HIGH,Posting date month (12) != fiscal period month (10),,2025-12-10,2025-10,,
TXN003393,FISCAL_PERIOD_MISMATCH,HIGH,Posting date month (11) != fiscal period month (2),,2026-11-02,2026-02,,
TXN003411,FISCAL_PERIOD_MISMATCH,HIGH,Posting date month (8) != fiscal period month (2),,2026-08-02,2026-02,,
TXN003419,FISCAL_PERIOD_MISMATCH,HIGH,Posting date month (6) != fiscal period month (5),,2025-06-05,2025-05,,
TXN003424,FISCAL_PERIOD_MISMATCH,HIGH,Posting date month (4) != fiscal period month (1),,2026-04-01,2026-01,,
TXN003427,FISCAL_PERIOD_MISMATCH,HIGH,Posting date month (7) != fiscal period month (1),,2026-07-01,2026-01,,
TXN003447,FISCAL_PERIOD_MISMATCH,HIGH,Posting date month (4) != fiscal period month (2),,2026-04-02,2026-02,,
TXN003486,FISCAL_PERIOD_MISMATCH,HIGH,Posting date month (9) != fiscal period month (10),,2025-09-10,2025-10,,
TXN003504,FISCAL_PERIOD_MISMATCH,HIGH,Posting date month (3) != fiscal period month (2),,2026-03-02,2026-02,,
TXN003513,FISCAL_PERIOD_MISMATCH,HIGH,Posting date month (7) != fiscal period month (8),,2025-07-08,2025-08,,
TXN003519,FISCAL_PERIOD_MISMATCH,HIGH,Posting date month (11) != fiscal period month (1),,2026-11-01,2026-01,,
TXN003534,FISCAL_PERIOD_MISMATCH,HIGH,Posting date month (2) != fiscal period month (1),,2026-02-01,2026-01,,
TXN003541,FISCAL_PERIOD_MISMATCH,HIGH,Posting date month (2) != fiscal period month (1),,2026-02-01,2026-01,,
TXN003543,FISCAL_PERIOD_MISMATCH,HIGH,Posting date month (3) != fiscal period month (1),,2026-03-01,2026-01,,
TXN003548,FISCAL_PERIOD_MISMATCH,HIGH,Posting date month (10) != fiscal period month (8),,2025-10-08,2025-08,,
TXN003555,FISCAL_PERIOD_MISMATCH,HIGH,Posting date month (10) != fiscal period month (2),,2026-10-02,2026-02,,
TXN003572,FISCAL_PERIOD_MISMATCH,HIGH,Posting date month (9) != fiscal period month (1),,2026-09-01,2026-01,,
TXN003579,FISCAL_PERIOD_MISMATCH,HIGH,Posting date month (4) != fiscal period month (2),,2026-04-02,2026-02,,
TXN003583,FISCAL_PERIOD_MISMATCH,HIGH,Posting date month (1) != fiscal period month (5),,2025-01-05,2025-05,,
TXN003593,FISCAL_PERIOD_MISMATCH,HIGH,Posting date month (7) != fiscal period month (2),,2026-07-02,2026-02,,
TXN003594,FISCAL_PERIOD_MISMATCH,HIGH,Posting date month (10) != fiscal period month (9),,2025-10-09,2025-09,,
TXN003606,FISCAL_PERIOD_MISMATCH,HIGH,Posting date month (9) != fiscal period month (6),,2025-09-06,2025-06,,
TXN003620,FISCAL_PERIOD_MISMATCH,HIGH,Posting date month (6) != fiscal period month (1),,2026-06-01,2026-01,,
TXN003631,FISCAL_PERIOD_MISMATCH,HIGH,Posting date month (3) != fiscal period month (2),,2026-03-02,2026-02,,
TXN003637,FISCAL_PERIOD_MISMATCH,HIGH,Posting date month (11) != fiscal period month (10),,2025-11-10,2025-10,,
TXN003638,FISCAL_PERIOD_MISMATCH,HIGH,Posting date month (3) != fiscal period month (10),,2025-03-10,2025-10,,
TXN003648,FISCAL_PERIOD_MISMATCH,HIGH,Posting date month (8) != fiscal period month (1),,2026-08-01,2026-01,,
TXN003686,FISCAL_PERIOD_MISMATCH,HIGH,Posting date month (1) != fiscal period month (2),,2026-01-02,2026-02,,
TXN003693,FISCAL_PERIOD_MISMATCH,HIGH,Posting date month (5) != fiscal period month (1),,2026-05-01,2026-01,,
TXN003703,FISCAL_PERIOD_MISMATCH,HIGH,Posting date month (9) != fiscal period month (1),,2026-09-01,2026-01,,
TXN003713,FISCAL_PERIOD_MISMATCH,HIGH,Posting date month (7) != fiscal period month (12),,2025-07-12,2025-12,,
TXN003714,FISCAL_PERIOD_MISMATCH,HIGH,Posting date month (6) != fiscal period month (2),,2026-06-02,2026-02,,
TXN003726,FISCAL_PERIOD_MISMATCH,HIGH,Posting date month (11) != fiscal period month (1),,2026-11-01,2026-01,,
TXN003732,FISCAL_PERIOD_MISMATCH,HIGH,Posting date month (4) != fiscal period month (11),,2025-04-11,2025-11,,
TXN003734,FISCAL_PERIOD_MISMATCH,HIGH,Posting date month (11) != fiscal period month (6),,2025-11-06,2025-06,,
TXN003739,FISCAL_PERIOD_MISMATCH,HIGH,Posting date month (7) != fiscal period month (2),,2026-07-02,2026-02,,
TXN003741,FISCAL_PERIOD_MISMATCH,HIGH,Posting date month (6) != fiscal period month (2),,2026-06-02,2026-02,,
TXN003759,FISCAL_PERIOD_MISMATCH,HIGH,Posting date month (4) != fiscal period month (10),,2025-04-10,2025-10,,
TXN003763,FISCAL_PERIOD_MISMATCH,HIGH,Posting date month (8) != fiscal period month (4),,2025-08-04,2025-04,,
TXN003775,FISCAL_PERIOD_MISMATCH,HIGH,Posting date month (8) != fiscal period month (2),,2026-08-02,2026-02,,
TXN003784,FISCAL_PERIOD_MISMATCH,HIGH,Posting date month (2) != fiscal period month (1),,2026-02-01,2026-01,,
TXN003790,FISCAL_PERIOD_MISMATCH,HIGH,Posting date month (8) != fiscal period month (2),,2026-08-02,2026-02,,
TXN003816,FISCAL_PERIOD_MISMATCH,HIGH,Posting date month (4) != fiscal period month (1),,2025-04-01,2025-01,,
TXN003821,FISCAL_PERIOD_MISMATCH,HIGH,Posting date month (7) != fiscal period month (6),,2025-07-06,2025-06,,
TXN003847,FISCAL_PERIOD_MISMATCH,HIGH,Posting date month (6) != fiscal period month (1),,2026-06-01,2026-01,,
TXN003866,FISCAL_PERIOD_MISMATCH,HIGH,Posting date month (3) != fiscal period month (1),,2026-03-01,2026-01,,
TXN003867,FISCAL_PERIOD_MISMATCH,HIGH,Posting date month (2) != fiscal period month (12),,2025-02-12,2025-12,,
TXN003886,FISCAL_PERIOD_MISMATCH,HIGH,Posting date month (9) != fiscal period month (1),,2026-09-01,2026-01,,
TXN003890,FISCAL_PERIOD_MISMATCH,HIGH,Posting date month (6) != fiscal period month (1),,2026-06-01,2026-01,,
TXN003895,FISCAL_PERIOD_MISMATCH,HIGH,Posting date month (4) != fiscal period month (8),,2025-04-08,2025-08,,
TXN003911,FISCAL_PERIOD_MISMATCH,HIGH,Posting date month (7) != fiscal period month (1),,2025-07-01,2025-01,,
TXN003917,FISCAL_PERIOD_MISMATCH,HIGH,Posting date month (7) != fiscal period month (11),,2025-07-11,2025-11,,
TXN003925,FISCAL_PERIOD_MISMATCH,HIGH,Posting date month (12) != fiscal period month (1),,2026-12-01,2026-01,,
TXN003935,FISCAL_PERIOD_MISMATCH,HIGH,Posting date month (4) != fiscal period month (1),,2026-04-01,2026-01,,
TXN003945,FISCAL_PERIOD_MISMATCH,HIGH,Posting date month (6) != fiscal period month (1),,2026-06-01,2026-01,,
TXN003947,FISCAL_PERIOD_MISMATCH,HIGH,Posting date month (4) != fiscal period month (3),,2025-04-03,2025-03,,
TXN003948,FISCAL_PERIOD_MISMATCH,HIGH,Posting date month (3) != fiscal period month (2),,2026-03-02,2026-02,,
TXN003953,FISCAL_PERIOD_MISMATCH,HIGH,Posting date month (11) != fiscal period month (7),,2025-11-07,2025-07,,
TXN003997,FISCAL_PERIOD_MISMATCH,HIGH,Posting date month (12) != fiscal period month (4),,2025-12-04,2025-04,,
TXN004001,FISCAL_PERIOD_MISMATCH,HIGH,Posting date month (12) != fiscal period month (2),,2026-12-02,2026-02,,
TXN004017,FISCAL_PERIOD_MISMATCH,HIGH,Posting date month (2) != fiscal period month (11),,2025-02-11,2025-11,,
TXN004023,FISCAL_PERIOD_MISMATCH,HIGH,Posting date month (6) != fiscal period month (1),,2026-06-01,2026-01,,
TXN004033,FISCAL_PERIOD_MISMATCH,HIGH,Posting date month (3) != fiscal period month (1),,2026-03-01,2026-01,,
TXN004041,FISCAL_PERIOD_MISMATCH,HIGH,Posting date month (10) != fiscal period month (1),,2026-10-01,2026-01,,
TXN004089,FISCAL_PERIOD_MISMATCH,HIGH,Posting date month (9) != fiscal period month (8),,2025-09-08,2025-08,,
TXN004111,FISCAL_PERIOD_MISMATCH,HIGH,Posting date month (11) != fiscal period month (1),,2026-11-01,2026-01,,
TXN004125,FISCAL_PERIOD_MISMATCH,HIGH,Posting date month (7) != fiscal period month (2),,2026-07-02,2026-02,,
TXN000441,NEGATIVE_AMOUNT,MEDIUM,Negative amount: -20617.53,,,,-20617.53,
TXN000442,NEGATIVE_AMOUNT,MEDIUM,Negative amount: -32775.87,,,,-32775.87,
TXN000443,NEGATIVE_AMOUNT,MEDIUM,Negative amount: -4169.76,,,,-4169.76,
TXN000444,NEGATIVE_AMOUNT,MEDIUM,Negative amount: -24022.33,,,,-24022.33,
TXN000445,NEGATIVE_AMOUNT,MEDIUM,Negative amount: -2851.14,,,,-2851.14,
TXN000446,NEGATIVE_AMOUNT,MEDIUM,Negative amount: -25159.52,,,,-25159.52,
TXN000447,NEGATIVE_AMOUNT,MEDIUM,Negative amount: -19692.06,,,,-19692.06,
TXN000448,NEGATIVE_AMOUNT,MEDIUM,Negative amount: -25274.16,,,,-25274.16,
TXN000449,NEGATIVE_AMOUNT,MEDIUM,Negative amount: -39368.01,,,,-39368.01,
TXN000450,NEGATIVE_AMOUNT,MEDIUM,Negative amount: -35112.3,,,,-35112.3,
TXN000451,NEGATIVE_AMOUNT,MEDIUM,Negative amount: -29505.12,,,,-29505.12,
TXN000452,NEGATIVE_AMOUNT,MEDIUM,Negative amount: -23232.27,,,,-23232.27,
TXN000453,NEGATIVE_AMOUNT,MEDIUM,Negative amount: -35783.5,,,,-35783.5,
TXN000454,NEGATIVE_AMOUNT,MEDIUM,Negative amount: -25595.52,,,,-25595.52,
TXN000455,NEGATIVE_AMOUNT,MEDIUM,Negative amount: -42238.45,,,,-42238.45,
TXN000456,NEGATIVE_AMOUNT,MEDIUM,Negative amount: -45877.52,,,,-45877.52,
TXN000457,NEGATIVE_AMOUNT,MEDIUM,Negative amount: -26352.75,,,,-26352.75,
TXN000458,NEGATIVE_AMOUNT,MEDIUM,Negative amount: -3637.99,,,,-3637.99,
TXN000459,NEGATIVE_AMOUNT,MEDIUM,Negative amount: -46938.65,,,,-46938.65,
TXN000460,NEGATIVE_AMOUNT,MEDIUM,Negative amount: -5334.2,,,,-5334.2,
TXN000461,NEGATIVE_AMOUNT,MEDIUM,Negative amount: -37412.07,,,,-37412.07,
TXN000462,NEGATIVE_AMOUNT,MEDIUM,Negative amount: -17552.61,,,,-17552.61,
TXN000463,NEGATIVE_AMOUNT,MEDIUM,Negative amount: -3817.52,,,,-3817.52,
TXN000464,NEGATIVE_AMOUNT,MEDIUM,Negative amount: -5509.83,,,,-5509.83,
TXN000465,NEGATIVE_AMOUNT,MEDIUM,Negative amount: -15234.36,,,,-15234.36,
TXN000466,NEGATIVE_AMOUNT,MEDIUM,Negative amount: -41740.64,,,,-41740.64,
TXN000467,NEGATIVE_AMOUNT,MEDIUM,Negative amount: -6130.16,,,,-6130.16,
TXN000468,NEGATIVE_AMOUNT,MEDIUM,Negative amount: -38825.92,,,,-38825.92,
TXN000469,NEGATIVE_AMOUNT,MEDIUM,Negative amount: -49930.14,,,,-49930.14,
TXN000470,NEGATIVE_AMOUNT,MEDIUM,Negative amount: -835.46,,,,-835.46,
TXN000471,NEGATIVE_AMOUNT,MEDIUM,Negative amount: -2811.75,,,,-2811.75,
TXN000472,NEGATIVE_AMOUNT,MEDIUM,Negative amount: -38437.02,,,,-38437.02,
TXN000473,NEGATIVE_AMOUNT,MEDIUM,Negative amount: -2926.58,,,,-2926.58,
TXN000474,NEGATIVE_AMOUNT,MEDIUM,Negative amount: -28722.89,,,,-28722.89,
TXN000475,NEGATIVE_AMOUNT,MEDIUM,Negative amount: -44509.23,,,,-44509.23,
TXN000476,NEGATIVE_AMOUNT,MEDIUM,Negative amount: -7449.26,,,,-7449.26,
TXN000477,NEGATIVE_AMOUNT,MEDIUM,Negative amount: -47211.81,,,,-47211.81,
TXN000478,NEGATIVE_AMOUNT,MEDIUM,Negative amount: -4482.87,,,,-4482.87,
TXN000479,NEGATIVE_AMOUNT,MEDIUM,Negative amount: -44923.36,,,,-44923.36,
TXN000480,NEGATIVE_AMOUNT,MEDIUM,Negative amount: -23529.02,,,,-23529.02,
TXN000481,NEGATIVE_AMOUNT,MEDIUM,Negative amount: -10636.08,,,,-10636.08,
TXN000482,NEGATIVE_AMOUNT,MEDIUM,Negative amount: -42781.08,,,,-42781.08,
TXN000483,NEGATIVE_AMOUNT,MEDIUM,Negative amount: -9973.17,,,,-9973.17,
TXN000484,NEGATIVE_AMOUNT,MEDIUM,Negative amount: -14915.64,,,,-14915.64,
TXN000485,NEGATIVE_AMOUNT,MEDIUM,Negative amount: -7647.3,,,,-7647.3,
TXN000486,NEGATIVE_AMOUNT,MEDIUM,Negative amount: -31164.71,,,,-31164.71,
TXN000487,NEGATIVE_AMOUNT,MEDIUM,Negative amount: -37772.21,,,,-37772.21,
TXN000488,NEGATIVE_AMOUNT,MEDIUM,Negative amount: -13944.38,,,,-13944.38,
TXN000489,NEGATIVE_AMOUNT,MEDIUM,Negative amount: -49457.71,,,,-49457.71,
TXN000490,NEGATIVE_AMOUNT,MEDIUM,Negative amount: -23977.1,,,,-23977.1,
TXN000491,NEGATIVE_AMOUNT,MEDIUM,Negative amount: -41775.26,,,,-41775.26,
TXN000492,NEGATIVE_AMOUNT,MEDIUM,Negative amount: -35917.87,,,,-35917.87,
TXN000493,NEGATIVE_AMOUNT,MEDIUM,Negative amount: -21869.41,,,,-21869.41,
TXN000494,NEGATIVE_AMOUNT,MEDIUM,Negative amount: -12483.07,,,,-12483.07,
TXN000495,NEGATIVE_AMOUNT,MEDIUM,Negative amount: -26200.04,,,,-26200.04,
TXN000496,NEGATIVE_AMOUNT,MEDIUM,Negative amount: -27670.74,,,,-27670.74,
TXN000497,NEGATIVE_AMOUNT,MEDIUM,Negative amount: -21711.65,,,,-21711.65,
TXN000498,NEGATIVE_AMOUNT,MEDIUM,Negative amount: -3390.61,,,,-3390.61,
TXN000499,NEGATIVE_AMOUNT,MEDIUM,Negative amount: -1173.66,,,,-1173.66,
TXN000500,NEGATIVE_AMOUNT,MEDIUM,Negative amount: -31700.06,,,,-31700.06,
TXN000501,NEGATIVE_AMOUNT,MEDIUM,Negative amount: -42287.34,,,,-42287.34,
TXN000502,NEGATIVE_AMOUNT,MEDIUM,Negative amount: -44554.96,,,,-44554.96,
TXN000503,NEGATIVE_AMOUNT,MEDIUM,Negative amount: -14955.69,,,,-14955.69,
TXN000504,NEGATIVE_AMOUNT,MEDIUM,Negative amount: -708.24,,,,-708.24,
TXN000505,NEGATIVE_AMOUNT,MEDIUM,Negative amount: -37421.64,,,,-37421.64,
TXN000506,NEGATIVE_AMOUNT,MEDIUM,Negative amount: -40814.49,,,,-40814.49,
TXN000507,NEGATIVE_AMOUNT,MEDIUM,Negative amount: -1817.07,,,,-1817.07,
TXN000508,NEGATIVE_AMOUNT,MEDIUM,Negative amount: -16863.26,,,,-16863.26,
TXN000509,NEGATIVE_AMOUNT,MEDIUM,Negative amount: -686.89,,,,-686.89,
TXN000510,NEGATIVE_AMOUNT,MEDIUM,Negative amount: -39214.75,,,,-39214.75,
TXN000511,NEGATIVE_AMOUNT,MEDIUM,Negative amount: -29338.72,,,,-29338.72,
TXN000512,NEGATIVE_AMOUNT,MEDIUM,Negative amount: -22916.13,,,,-22916.13,
TXN000513,NEGATIVE_AMOUNT,MEDIUM,Negative amount: -19248.61,,,,-19248.61,
TXN000514,NEGATIVE_AMOUNT,MEDIUM,Negative amount: -11233.68,,,,-11233.68,
TXN000515,NEGATIVE_AMOUNT,MEDIUM,Negative amount: -10968.42,,,,-10968.42,
TXN000516,NEGATIVE_AMOUNT,MEDIUM,Negative amount: -42346.57,,,,-42346.57,
TXN000517,NEGATIVE_AMOUNT,MEDIUM,Negative amount: -8655.36,,,,-8655.36,
TXN000518,NEGATIVE_AMOUNT,MEDIUM,Negative amount: -18491.09,,,,-18491.09,
TXN000519,NEGATIVE_AMOUNT,MEDIUM,Negative amount: -19156.83,,,,-19156.83,
TXN000520,NEGATIVE_AMOUNT,MEDIUM,Negative amount: -11557.46,,,,-11557.46,
TXN000521,NEGATIVE_AMOUNT,MEDIUM,Negative amount: -42922.41,,,,-42922.41,
TXN000522,NEGATIVE_AMOUNT,MEDIUM,Negative amount: -46328.56,,,,-46328.56,
TXN000523,NEGATIVE_AMOUNT,MEDIUM,Negative amount: -44151.36,,,,-44151.36,
TXN000524,NEGATIVE_AMOUNT,MEDIUM,Negative amount: -24152.05,,,,-24152.05,
TXN000525,NEGATIVE_AMOUNT,MEDIUM,Negative amount: -25969.41,,,,-25969.41,
TXN000526,NEGATIVE_AMOUNT,MEDIUM,Negative amount: -2002.62,,,,-2002.62,
TXN000527,NEGATIVE_AMOUNT,MEDIUM,Negative amount: -18916.74,,,,-18916.74,
TXN000528,NEGATIVE_AMOUNT,MEDIUM,Negative amount: -20715.22,,,,-20715.22,
TXN000529,NEGATIVE_AMOUNT,MEDIUM,Negative amount: -32148.55,,,,-32148.55,
TXN000530,NEGATIVE_AMOUNT,MEDIUM,Negative amount: -26777.71,,,,-26777.71,
TXN000531,NEGATIVE_AMOUNT,MEDIUM,Negative amount: -15961.62,,,,-15961.62,
TXN000532,NEGATIVE_AMOUNT,MEDIUM,Negative amount: -43807.78,,,,-43807.78,
TXN000533,NEGATIVE_AMOUNT,MEDIUM,Negative amount: -35810.15,,,,-35810.15,
TXN000534,NEGATIVE_AMOUNT,MEDIUM,Negative amount: -36293.79,,,,-36293.79,
TXN000535,NEGATIVE_AMOUNT,MEDIUM,Negative amount: -7930.53,,,,-7930.53,
TXN000536,NEGATIVE_AMOUNT,MEDIUM,Negative amount: -13867.02,,,,-13867.02,
TXN000377,PLACEHOLDER_VENDOR,HIGH,Placeholder vendor name: Unlisted Company,,,,,Unlisted Company
TXN000378,PLACEHOLDER_VENDOR,HIGH,Placeholder vendor name: Unknown Vendor LLC,,,,,Unknown Vendor LLC
TXN000379,PLACEHOLDER_VENDOR,HIGH,Placeholder vendor name: Unknown Vendor LLC,,,,,Unknown Vendor LLC
TXN000380,PLACEHOLDER_VENDOR,HIGH,Placeholder vendor name: New Vendor XYZ,,,,,New Vendor XYZ
TXN000381,PLACEHOLDER_VENDOR,HIGH,Placeholder vendor name: New Vendor XYZ,,,,,New Vendor XYZ
TXN000382,PLACEHOLDER_VENDOR,HIGH,Placeholder vendor name: New Vendor XYZ,,,,,New Vendor XYZ
TXN000383,PLACEHOLDER_VENDOR,HIGH,Placeholder vendor name: Unregistered Supplier,,,,,Unregistered Supplier
TXN000384,PLACEHOLDER_VENDOR,HIGH,Placeholder vendor name: New Vendor XYZ,,,,,New Vendor XYZ
TXN000385,PLACEHOLDER_VENDOR,HIGH,Placeholder vendor name: Mystery Corp,,,,,Mystery Corp
TXN000386,PLACEHOLDER_VENDOR,HIGH,Placeholder vendor name: Mystery Corp,,,,,Mystery Corp
TXN000387,PLACEHOLDER_VENDOR,HIGH,Placeholder vendor name: New Vendor XYZ,,,,,New Vendor XYZ
TXN000388,PLACEHOLDER_VENDOR,HIGH,Placeholder vendor name: Mystery Corp,,,,,Mystery Corp
TXN000389,PLACEHOLDER_VENDOR,HIGH,Placeholder vendor name: Mystery Corp,,,,,Mystery Corp
TXN000390,PLACEHOLDER_VENDOR,HIGH,Placeholder vendor name: Mystery Corp,,,,,Mystery Corp
TXN000391,PLACEHOLDER_VENDOR,HIGH,Placeholder vendor name: Mystery Corp,,,,,Mystery Corp
TXN000392,PLACEHOLDER_VENDOR,HIGH,Placeholder vendor name: Unlisted Company,,,,,Unlisted Company
TXN000393,PLACEHOLDER_VENDOR,HIGH,Placeholder vendor name: Unregistered Supplier,,,,,Unregistered Supplier
TXN000394,PLACEHOLDER_VENDOR,HIGH,Placeholder vendor name: New Vendor XYZ,,,,,New Vendor XYZ
TXN000395,PLACEHOLDER_VENDOR,HIGH,Placeholder vendor name: Mystery Corp,,,,,Mystery Corp
TXN000396,PLACEHOLDER_VENDOR,HIGH,Placeholder vendor name: New Vendor XYZ,,,,,New Vendor XYZ
TXN000397,PLACEHOLDER_VENDOR,HIGH,Placeholder vendor name: Unregistered Supplier,,,,,Unregistered Supplier
TXN000398,PLACEHOLDER_VENDOR,HIGH,Placeholder vendor name: Unknown Vendor LLC,,,,,Unknown Vendor LLC
TXN000399,PLACEHOLDER_VENDOR,HIGH,Placeholder vendor name: Mystery Corp,,,,,Mystery Corp
TXN000400,PLACEHOLDER_VENDOR,HIGH,Placeholder vendor name: Unregistered Supplier,,,,,Unregistered Supplier
TXN000401,PLACEHOLDER_VENDOR,HIGH,Placeholder vendor name: New Vendor XYZ,,,,,New Vendor XYZ
TXN000402,PLACEHOLDER_VENDOR,HIGH,Placeholder vendor name: Unregistered Supplier,,,,,Unregistered Supplier
TXN000403,PLACEHOLDER_VENDOR,HIGH,Placeholder vendor name: Unknown Vendor LLC,,,,,Unknown Vendor LLC
TXN000404,PLACEHOLDER_VENDOR,HIGH,Placeholder vendor name: Unknown Vendor LLC,,,,,Unknown Vendor LLC
TXN000405,PLACEHOLDER_VENDOR,HIGH,Placeholder vendor name: Unregistered Supplier,,,,,Unregistered Supplier
TXN000406,PLACEHOLDER_VENDOR,HIGH,Placeholder vendor name: New Vendor XYZ,,,,,New Vendor XYZ
TXN000407,PLACEHOLDER_VENDOR,HIGH,Placeholder vendor name: Mystery Corp,,,,,Mystery Corp
TXN000408,PLACEHOLDER_VENDOR,HIGH,Placeholder vendor name: Unregistered Supplier,,,,,Unregistered Supplier
TXN000409,PLACEHOLDER_VENDOR,HIGH,Placeholder vendor name: Unlisted Company,,,,,Unlisted Company
TXN000410,PLACEHOLDER_VENDOR,HIGH,Placeholder vendor name: New Vendor XYZ,,,,,New Vendor XYZ
TXN000411,PLACEHOLDER_VENDOR,HIGH,Placeholder vendor name: Unknown Vendor LLC,,,,,Unknown Vendor LLC
TXN000412,PLACEHOLDER_VENDOR,HIGH,Placeholder vendor name: Unknown Vendor LLC,,,,,Unknown Vendor LLC
TXN000413,PLACEHOLDER_VENDOR,HIGH,Placeholder vendor name: Unregistered Supplier,,,,,Unregistered Supplier
TXN000414,PLACEHOLDER_VENDOR,HIGH,Placeholder vendor name: New Vendor XYZ,,,,,New Vendor XYZ
TXN000415,PLACEHOLDER_VENDOR,HIGH,Placeholder vendor name: Unknown Vendor LLC,,,,,Unknown Vendor LLC
TXN000416,PLACEHOLDER_VENDOR,HIGH,Placeholder vendor name: Unknown Vendor LLC,,,,,Unknown Vendor LLC
TXN000417,PLACEHOLDER_VENDOR,HIGH,Placeholder vendor name: Unlisted Company,,,,,Unlisted Company
TXN000418,PLACEHOLDER_VENDOR,HIGH,Placeholder vendor name: Mystery Corp,,,,,Mystery Corp
TXN000419,PLACEHOLDER_VENDOR,HIGH,Placeholder vendor name: New Vendor XYZ,,,,,New Vendor XYZ
TXN000420,PLACEHOLDER_VENDOR,HIGH,Placeholder vendor name: Unlisted Company,,,,,Unlisted Company
TXN000421,PLACEHOLDER_VENDOR,HIGH,Placeholder vendor name: Unlisted Company,,,,,Unlisted Company
TXN000422,PLACEHOLDER_VENDOR,HIGH,Placeholder vendor name: Unregistered Supplier,,,,,Unregistered Supplier
TXN000423,PLACEHOLDER_VENDOR,HIGH,Placeholder vendor name: Mystery Corp,,,,,Mystery Corp
TXN000424,PLACEHOLDER_VENDOR,HIGH,Placeholder vendor name: New Vendor XYZ,,,,,New Vendor XYZ
TXN000425,PLACEHOLDER_VENDOR,HIGH,Placeholder vendor name: Unregistered Supplier,,,,,Unregistered Supplier
TXN000426,PLACEHOLDER_VENDOR,HIGH,Placeholder vendor name: Unregistered Supplier,,,,,Unregistered Supplier
TXN000427,PLACEHOLDER_VENDOR,HIGH,Placeholder vendor name: Unlisted Company,,,,,Unlisted Company
TXN000428,PLACEHOLDER_VENDOR,HIGH,Placeholder vendor name: Unknown Vendor LLC,,,,,Unknown Vendor LLC
TXN000429,PLACEHOLDER_VENDOR,HIGH,Placeholder vendor name: Unregistered Supplier,,,,,Unregistered Supplier
TXN000430,PLACEHOLDER_VENDOR,HIGH,Placeholder vendor name: Unknown Vendor LLC,,,,,Unknown Vendor LLC
TXN000431,PLACEHOLDER_VENDOR,HIGH,Placeholder vendor name: Unlisted Company,,,,,Unlisted Company
TXN000432,PLACEHOLDER_VENDOR,HIGH,Placeholder vendor name: Mystery Corp,,,,,Mystery Corp
TXN000433,PLACEHOLDER_VENDOR,HIGH,Placeholder vendor name: Unlisted Company,,,,,Unlisted Company
TXN000434,PLACEHOLDER_VENDOR,HIGH,Placeholder vendor name: Mystery Corp,,,,,Mystery Corp
TXN000435,PLACEHOLDER_VENDOR,HIGH,Placeholder vendor name: New Vendor XYZ,,,,,New Vendor XYZ
TXN000436,PLACEHOLDER_VENDOR,HIGH,Placeholder vendor name: Unlisted Company,,,,,Unlisted Company
TXN000437,PLACEHOLDER_VENDOR,HIGH,Placeholder vendor name: Mystery Corp,,,,,Mystery Corp
TXN000438,PLACEHOLDER_VENDOR,HIGH,Placeholder vendor name: Mystery Corp,,,,,Mystery Corp
TXN000439,PLACEHOLDER_VENDOR,HIGH,Placeholder vendor name: Unregistered Supplier,,,,,Unregistered Supplier
TXN000440,PLACEHOLDER_VENDOR,HIGH,Placeholder vendor name: Unregistered Supplier,,,,,Unregistered Supplier
